{"stats":{"minecraft:mined":{"minecraft:coal_ore":26,"minecraft:iron_ore":43,"minecraft:stone":52},"minecraft:custom":{"minecraft:time_since_rest":12081,"minecraft:sprint_one_cm":2108,"minecraft:play_time":12081,"minecraft:damage_taken":150,"minecraft:walk_one_cm":35467,"minecraft:jump":177,"minecraft:time_since_death":12081,"minecraft:total_world_time":12081,"minecraft:fall_one_cm":6724,"minecraft:interact_with_crafting_table":2,"minecraft:fly_one_cm":1925},"minecraft:picked_up":{"minecraft:raw_iron":42,"minecraft:spruce_log":5,"minecraft:coal":26,"minecraft:cobblestone":48},"minecraft:used":{"minecraft:cobblestone":26,"minecraft:stone_pickaxe":120,"minecraft:wooden_pickaxe":6},"minecraft:crafted":{"minecraft:torch":4,"minecraft:spruce_planks":20,"minecraft:stick":8,"minecraft:wooden_pickaxe":1,"minecraft:stone_pickaxe":1}},"DataVersion":3465}