{"stats":{"minecraft:mined":{"minecraft:glow_lichen":1},"minecraft:custom":{"minecraft:jump":60,"minecraft:time_since_rest":5657,"tombstone:undead_killed":1,"minecraft:damage_dealt":55,"minecraft:crouch_one_cm":430,"minecraft:walk_on_water_one_cm":4185,"minecraft:sprint_one_cm":41,"minecraft:play_time":5657,"minecraft:damage_taken":45,"minecraft:time_since_death":5657,"minecraft:walk_one_cm":27715,"minecraft:sneak_time":594,"minecraft:total_world_time":5657,"minecraft:walk_under_water_one_cm":93,"minecraft:mob_kills":1,"minecraft:fall_one_cm":1705,"minecraft:fly_one_cm":40},"minecraft:picked_up":{"minecraft:rotten_flesh":1},"minecraft:killed":{"minecraft:zombie":1}},"DataVersion":3465}