{"stats":{"minecraft:dropped":{"minecraft:spruce_log":5},"minecraft:mined":{"minecraft:iron_ore":47,"minecraft:spruce_log":28,"minecraft:glow_lichen":1,"minecraft:crafting_table":2,"minecraft:grass_block":2,"minecraft:coal_ore":81,"minecraft:gravel":1,"minecraft:dirt":3,"minecraft:spruce_leaves":3,"minecraft:stone":39},"minecraft:custom":{"minecraft:time_since_rest":29657,"minecraft:sprint_one_cm":847,"minecraft:damage_taken":115,"minecraft:walk_one_cm":90972,"minecraft:mob_kills":1,"minecraft:drop":5,"minecraft:damage_dealt":55,"minecraft:interact_with_crafting_table":10,"minecraft:swim_one_cm":21024,"minecraft:fly_one_cm":1121,"minecraft:crouch_one_cm":3912,"minecraft:play_time":29657,"tombstone:undead_killed":1,"minecraft:sneak_time":2079,"minecraft:walk_under_water_one_cm":1625,"minecraft:jump":340,"minecraft:walk_on_water_one_cm":7725,"minecraft:time_since_death":29657,"minecraft:total_world_time":29657,"minecraft:fall_one_cm":5965},"minecraft:picked_up":{"minecraft:crafting_table":2,"minecraft:raw_iron":47,"minecraft:gravel":1,"minecraft:spruce_sapling":3,"minecraft:spruce_log":27,"minecraft:dirt":5,"minecraft:rotten_flesh":3,"minecraft:coal":78,"minecraft:cobblestone":37},"minecraft:used":{"minecraft:stone_pickaxe":125,"minecraft:wooden_pickaxe":42,"minecraft:gravel":1,"minecraft:rotten_flesh":1,"minecraft:stone_axe":26,"minecraft:dirt":5,"minecraft:crafting_table":2},"minecraft:crafted":{"minecraft:crafting_table":1,"minecraft:spruce_planks":16,"minecraft:stick":8,"minecraft:wooden_pickaxe":1,"minecraft:stone_pickaxe":1,"minecraft:furnace":3,"minecraft:stone_axe":1},"minecraft:killed":{"minecraft:zombie":1}},"DataVersion":3465}