{"stats":{"minecraft:mined":{"minecraft:iron_ore":2,"minecraft:spruce_log":28,"minecraft:glow_lichen":1,"minecraft:crafting_table":1,"minecraft:grass_block":2,"minecraft:coal_ore":40,"minecraft:dirt":3,"minecraft:spruce_leaves":3,"minecraft:stone":19},"minecraft:custom":{"minecraft:time_since_rest":17657,"minecraft:sprint_one_cm":205,"minecraft:damage_taken":115,"minecraft:walk_one_cm":60832,"minecraft:mob_kills":1,"minecraft:damage_dealt":55,"minecraft:interact_with_crafting_table":9,"minecraft:swim_one_cm":21024,"minecraft:fly_one_cm":198,"minecraft:crouch_one_cm":1104,"minecraft:play_time":17657,"tombstone:undead_killed":1,"minecraft:sneak_time":791,"minecraft:walk_under_water_one_cm":1435,"minecraft:jump":195,"minecraft:walk_on_water_one_cm":7129,"minecraft:time_since_death":17657,"minecraft:total_world_time":17657,"minecraft:fall_one_cm":5069},"minecraft:picked_up":{"minecraft:crafting_table":1,"minecraft:raw_iron":2,"minecraft:spruce_sapling":3,"minecraft:spruce_log":27,"minecraft:dirt":5,"minecraft:rotten_flesh":1,"minecraft:coal":39,"minecraft:cobblestone":18},"minecraft:used":{"minecraft:stone_pickaxe":55,"minecraft:wooden_pickaxe":6,"minecraft:rotten_flesh":1,"minecraft:stone_axe":25,"minecraft:dirt":1,"minecraft:crafting_table":1},"minecraft:crafted":{"minecraft:crafting_table":1,"minecraft:spruce_planks":16,"minecraft:stick":8,"minecraft:wooden_pickaxe":1,"minecraft:stone_pickaxe":1,"minecraft:stone_axe":1},"minecraft:killed":{"minecraft:zombie":1}},"DataVersion":3465}